{
  "pgd": {
    "0.5": {
      "evasion_rate": 0.94,
      "cosine_with_probe": -1.0,
      "adv_scores_mean": 0.05527319386601448,
      "epsilon": 0.5,
      "step_evasions": [
        0.01,
        0.08,
        0.34,
        0.76,
        0.94,
        0.94,
        0.94,
        0.94,
        0.94,
        0.94,
        0.94,
        0.94,
        0.94,
        0.94,
        0.94,
        0.94,
        0.94,
        0.94,
        0.94,
        0.94,
        0.94,
        0.94,
        0.94,
        0.94,
        0.94,
        0.94,
        0.94,
        0.94,
        0.94,
        0.94,
        0.94,
        0.94,
        0.94,
        0.94,
        0.94,
        0.94,
        0.94,
        0.94,
        0.94,
        0.94,
        0.94,
        0.94,
        0.94,
        0.94,
        0.94,
        0.94,
        0.94,
        0.94,
        0.94,
        0.94
      ]
    },
    "1.0": {
      "evasion_rate": 1.0,
      "cosine_with_probe": -1.0,
      "adv_scores_mean": 3.279182237747591e-06,
      "epsilon": 1.0,
      "step_evasions": [
        0.01,
        0.08,
        0.34,
        0.76,
        0.94,
        1.0,
        1.0,
        1.0,
        1.0,
        1.0,
        1.0,
        1.0,
        1.0,
        1.0,
        1.0,
        1.0,
        1.0,
        1.0,
        1.0,
        1.0,
        1.0,
        1.0,
        1.0,
        1.0,
        1.0,
        1.0,
        1.0,
        1.0,
        1.0,
        1.0,
        1.0,
        1.0,
        1.0,
        1.0,
        1.0,
        1.0,
        1.0,
        1.0,
        1.0,
        1.0,
        1.0,
        1.0,
        1.0,
        1.0,
        1.0,
        1.0,
        1.0,
        1.0,
        1.0,
        1.0
      ]
    },
    "2.0": {
      "evasion_rate": 1.0,
      "cosine_with_probe": -0.9999999403953552,
      "adv_scores_mean": 4.337602783330069e-15,
      "epsilon": 2.0,
      "step_evasions": [
        0.01,
        0.08,
        0.34,
        0.76,
        0.94,
        1.0,
        1.0,
        1.0,
        1.0,
        1.0,
        1.0,
        1.0,
        1.0,
        1.0,
        1.0,
        1.0,
        1.0,
        1.0,
        1.0,
        1.0,
        1.0,
        1.0,
        1.0,
        1.0,
        1.0,
        1.0,
        1.0,
        1.0,
        1.0,
        1.0,
        1.0,
        1.0,
        1.0,
        1.0,
        1.0,
        1.0,
        1.0,
        1.0,
        1.0,
        1.0,
        1.0,
        1.0,
        1.0,
        1.0,
        1.0,
        1.0,
        1.0,
        1.0,
        1.0,
        1.0
      ]
    },
    "5.0": {
      "evasion_rate": 1.0,
      "cosine_with_probe": -1.0,
      "adv_scores_mean": 0.0,
      "epsilon": 5.0,
      "step_evasions": [
        0.01,
        0.08,
        0.34,
        0.76,
        0.94,
        1.0,
        1.0,
        1.0,
        1.0,
        1.0,
        1.0,
        1.0,
        1.0,
        1.0,
        1.0,
        1.0,
        1.0,
        1.0,
        1.0,
        1.0,
        1.0,
        1.0,
        1.0,
        1.0,
        1.0,
        1.0,
        1.0,
        1.0,
        1.0,
        1.0,
        1.0,
        1.0,
        1.0,
        1.0,
        1.0,
        1.0,
        1.0,
        1.0,
        1.0,
        1.0,
        1.0,
        1.0,
        1.0,
        1.0,
        1.0,
        1.0,
        1.0,
        1.0,
        1.0,
        1.0
      ]
    }
  },
  "hotflip": {
    "evasion_rate": 1.0,
    "mean_final_score": 0.22711234334856273,
    "mean_substitutions": 7.15,
    "mean_seq_identity": 0.7684797703202775,
    "n_sequences": 20,
    "per_sequence": [
      {
        "original_score": 0.9068106412887573,
        "final_score": 0.22150923311710358,
        "evaded": true,
        "n_substitutions": 7,
        "seq_identity": 0.9559748427672956
      },
      {
        "original_score": 0.9906885623931885,
        "final_score": 0.24974003434181213,
        "evaded": true,
        "n_substitutions": 10,
        "seq_identity": 0.9130434782608695
      },
      {
        "original_score": 0.9940351843833923,
        "final_score": 0.036295536905527115,
        "evaded": true,
        "n_substitutions": 7,
        "seq_identity": 0.925531914893617
      },
      {
        "original_score": 0.9985026121139526,
        "final_score": 0.23218753933906555,
        "evaded": true,
        "n_substitutions": 6,
        "seq_identity": 0.6470588235294118
      },
      {
        "original_score": 0.9923161268234253,
        "final_score": 0.23571652173995972,
        "evaded": true,
        "n_substitutions": 7,
        "seq_identity": 0.3
      },
      {
        "original_score": 0.2675340175628662,
        "final_score": 0.2675340175628662,
        "evaded": true,
        "n_substitutions": 0,
        "seq_identity": 1.0
      },
      {
        "original_score": 0.99759441614151,
        "final_score": 0.21539799869060516,
        "evaded": true,
        "n_substitutions": 7,
        "seq_identity": 0.9027777777777778
      },
      {
        "original_score": 0.9999008178710938,
        "final_score": 0.2903613746166229,
        "evaded": true,
        "n_substitutions": 9,
        "seq_identity": 0.7352941176470589
      },
      {
        "original_score": 0.999665379524231,
        "final_score": 0.25605547428131104,
        "evaded": true,
        "n_substitutions": 7,
        "seq_identity": 0.5882352941176471
      },
      {
        "original_score": 0.999975323677063,
        "final_score": 0.2751561105251312,
        "evaded": true,
        "n_substitutions": 8,
        "seq_identity": 0.5294117647058824
      },
      {
        "original_score": 0.9974117875099182,
        "final_score": 0.255280077457428,
        "evaded": true,
        "n_substitutions": 10,
        "seq_identity": 0.7916666666666666
      },
      {
        "original_score": 0.999880313873291,
        "final_score": 0.29539811611175537,
        "evaded": true,
        "n_substitutions": 6,
        "seq_identity": 0.8285714285714286
      },
      {
        "original_score": 0.999897837638855,
        "final_score": 0.1934392750263214,
        "evaded": true,
        "n_substitutions": 6,
        "seq_identity": 0.6842105263157895
      },
      {
        "original_score": 0.9640400409698486,
        "final_score": 0.22911696135997772,
        "evaded": true,
        "n_substitutions": 5,
        "seq_identity": 0.8888888888888888
      },
      {
        "original_score": 0.9964863061904907,
        "final_score": 0.20317687094211578,
        "evaded": true,
        "n_substitutions": 7,
        "seq_identity": 0.4166666666666667
      },
      {
        "original_score": 0.996868908405304,
        "final_score": 0.23513317108154297,
        "evaded": true,
        "n_substitutions": 7,
        "seq_identity": 0.9054054054054054
      },
      {
        "original_score": 0.9977624416351318,
        "final_score": 0.1997300386428833,
        "evaded": true,
        "n_substitutions": 19,
        "seq_identity": 0.6984126984126984
      },
      {
        "original_score": 0.9676477313041687,
        "final_score": 0.14129719138145447,
        "evaded": true,
        "n_substitutions": 3,
        "seq_identity": 0.88
      },
      {
        "original_score": 0.9933007955551147,
        "final_score": 0.24972136318683624,
        "evaded": true,
        "n_substitutions": 5,
        "seq_identity": 0.8648648648648649
      },
      {
        "original_score": 0.9911733269691467,
        "final_score": 0.25999996066093445,
        "evaded": true,
        "n_substitutions": 7,
        "seq_identity": 0.9135802469135802
      }
    ]
  },
  "taxonomy": {
    "ProteinMPNN": {
      "evasion": 0.060653188180404355,
      "space": "sequence",
      "access": "blackbox"
    },
    "HotFlip": {
      "evasion": 1.0,
      "space": "sequence",
      "access": "gradient"
    },
    "PGD_eps2": {
      "evasion": 1.0,
      "space": "embedding",
      "access": "whitebox"
    },