{
  "epsilons": [
    0.05,
    0.1,
    0.25,
    0.5,
    1.0,
    1.5,
    2.0,
    3.0,
    5.0
  ],
  "evasion_rates": [
    0.03329439252336448,
    0.06191588785046729,
    0.2967289719626168,
    0.856892523364486,
    1.0,
    1.0,
    1.0,
    1.0,
    1.0
  ],
  "cosines": [
    -0.8050352334976196,
    -0.8050353527069092,
    -0.8050354719161987,
    -0.8050354719161987,
    -0.8050354719161987,
    -0.8050354719161987,
    -0.8050354719161987,
    -0.8050354719161987,
    -0.805035412311554
  ],
  "security_margin": 0.5
}