{
  "baseline_evasion": 0.08242612752721618,
  "results_by_epsilon": {
    "0.5": {
      "evasion_rate": 0.81,
      "cosine_with_probe": -0.8049739003181458,
      "adv_scores_mean": 0.15289835631847382
    },
    "1.0": {
      "evasion_rate": 1.0,
      "cosine_with_probe": -0.8051653504371643,
      "adv_scores_mean": 0.00011987308243988082
    },
    "2.0": {
      "evasion_rate": 1.0,
      "cosine_with_probe": -0.8054362535476685,
      "adv_scores_mean": 7.371376946341268e-12
    },
    "5.0": {
      "evasion_rate": 1.0,
      "cosine_with_probe": -0.8055089712142944,
      "adv_scores_mean": 3.707529384581077e-16
    },
    "10.0": {
      "evasion_rate": 1.0,
      "cosine_with_probe": -0.8055089712142944,
      "adv_scores_mean": 3.707529384581077e-16
    }
  },
  "finding": "Random ProteinMPNN evasion: 8.2%. pSSR oracle evasion at \u03b5=5: 100.0%. cosine(attack, probe) = -0.805.",
  "taxonomy": {
    "6122": {
      "feature": 6122,
      "top_sequences": [
        "sp|P0C8C1|STX3B_SCOAN",
        "sp|P0C8J3|SL1C2_VIPAA",
        "sp|P0C8C9|STX8A_SCOAN",
        "sp|P84690|SC58_TITOB",
        "sp|P0C8J2|SL1C1_VIPAA",
        "sp|P0C911|SCX_ANDMA",
        "sp|P0C8C0|STX3A_SCOAN",
        "sp|P84680|SC35_TITOB",
        "sp|P83324|RIP_FLAVE",
        "sp|Q9PS28|VSPF_CERCE",
        "sp|P0C8C5|STX5_SCOAN",
        "sp|P0C8B6|STX1_SCOAN",
        "sp|P18999|PA2_DABSI",
        "sp|P0DKM3|TU61_IOTOL",
        "sp|B3EWG8|PA2A_PORNA",
        "sp|P84026|THBI_BOTJA",
        "sp|P0C8B8|STX2_SCOAN",
        "sp|P0C8C6|STX5_SCOVN",
        "sp|Q9TWL8|COMB_CONMA",
        "sp|P0DX57|TX2_BUTLE"
      ],
      "top_enriched_aa": [
        "H",
        "F",
        "P",
        "Q",
        "D"
      ],
      "enrichment": {
        "H": 1.5976810193103792,
        "F": 1.547712699869511,
        "P": 1.2984715390941328,
        "Q": 1.1718146185814737,
        "D": 1.122645046042369
      },
      "mean_activation": 1.2838976383209229,
      "activation_rate": 0.41296728971962615
    },
    "4097": {
      "feature": 4097,
      "top_sequences": [
        "sp|P83324|RIP_FLAVE",
        "sp|B3EWX4|TXS6D_CUPSA",
        "sp|P84804|CRVPN_NAJHH",
        "sp|P0CG44|UC1_URTCR",
        "sp|P86601|MALNB_MALOL",
        "sp|B3EWH2|AON_AZEFE",
        "sp|P0C8C1|STX3B_SCOAN",
        "sp|P18999|PA2_DABSI",
        "sp|P0DMG6|CRVP_BOTFO",
        "sp|P0C8C0|STX3A_SCOAN",
        "sp|P84676|SC27_TITOB",
        "sp|P0DM46|VM3A_MICCO",
        "sp|P0DJ96|TX22_DENAN",
        "sp|P84026|THBI_BOTJA",
        "sp|P0C8C7|STX6_SCOAN",
        "sp|P0C8B6|STX1_SCOAN",
        "sp|P0DJB3|CUX1_CONCL",
        "sp|P84690|SC58_TITOB",
        "sp|P0C8C9|STX8A_SCOAN",
        "sp|P0DQU9|DIRK1_BUTOC"
      ],
      "top_enriched_aa": [
        "P",
        "K",
        "E",
        "Q",
        "D"
      ],
      "enrichment": {
        "P": 2.5937760744343774,
        "K": 1.5337322754040823,
        "E": 1.2782576187284072,
        "Q": 1.2504119405594993,
        "D": 1.2245653957508227
      },
      "mean_activation": 0.5092350244522095,
      "activation_rate": 0.3732476635514019
    },
    "5312": {
      "feature": 5312,
      "top_sequences": [
        "sp|P01533|NA11_ANESU",
        "sp|P59084|BDS2_ANESU",
        "sp|P0C1W7|CDKC_CONVX",
        "sp|P58783|CA4B_CONER",
        "sp|P0DMZ2|STX_DOFAR",
        "sp|I1SB07|GM3C_CONCN",
        "sp|P58926|CM4A_CONPE",
        "sp|A0A0B4J184|T3A_TERVA",
        "sp|P84902|CASSI_CORCC",
        "sp|P69944|AETX2_ANEER",
        "sp|C0HL54|BDSB4_RADCR",
        "sp|P01535|STX3_ANESU",
        "sp|P86464|BDS21_BUNCN",
        "sp|P0DRL2|O164B_CONCL",
        "sp|C0HKY6|CM3B_CONAO",
        "sp|P0CY74|CM17_CONBU",
        "sp|P83244|KA132_ORTSC",
        "sp|P58845|U6TC_CONTE",
        "sp|P30785|NA25_RADCR",
        "sp|P0C8X6|KAXUB_TITST"
      ],
      "top_enriched_aa": [
        "C",
        "W",
        "G",
        "Y",
        "P"
      ],
      "enrichment": {
        "C": 4.712746672845324,
        "W": 2.46169314796425,
        "G": 2.0672546746397438,
        "Y": 1.7229698323459317,
        "P": 1.5091669209094072
      },
      "mean_activation": 0.5637029409408569,
      "activation_rate": 0.3475467289719626
    },
    "1055": {
      "feature": 1055,
      "top_sequences": [
        "sp|P0DOZ5|CKC_CONCB",
        "sp|P86601|MALNB_MALOL",
        "sp|B3EWG8|PA2A_PORNA",
        "sp|P0C8C0|STX3A_SCOAN",
        "sp|P0C8E2|CKP3_CONPI",
        "sp|P0C8C9|STX8A_SCOAN",
        "sp|B3EWW8|TXC6D_CUPSA",
        "sp|P86295|PORFL_POTOR",
        "sp|B3A0N1|VPA_BOTAT",
        "sp|P84388|PLYB1_POLPI",
        "sp|P0DKX2|VSP1_CRODM",
        "sp|P0C8C5|STX5_SCOAN",
        "sp|P0CJ33|TXVE1_MACLB",
        "sp|P0C8C1|STX3B_SCOAN",
        "sp|P0DOZ6|CKG_CONGL",
        "sp|P86537|CRVP_DABRR",
        "sp|P0C8B6|STX1_SCOAN",
        "sp|P0C8D3|STX9_SCOVN",
        "sp|P0DQQ5|CA1C_CONCT",
        "sp|P84690|SC58_TITOB"
      ],
      "top_enriched_aa": [
        "E",
        "A",
        "Q",
        "P",
        "V"
      ],
      "enrichment": {
        "E": 2.3138438131507595,
        "A": 1.22530434394121,
        "Q": 1.176988193056447,
        "P": 1.1557256612864335,
        "V": 1.1115850599613804
      },
      "mean_activation": 0.33342245221138,
      "activation_rate": 0.2955607476635514
    },
    "9026": {
      "feature": 9026,
      "top_sequences": [
        "sp|A0A4Y5X1A7|CESS3_CONMO",
        "sp|P0CH15|CM3A_CONPI",
        "sp|P05486|CESS_CONGE",
        "sp|P0DP10|M3A_CONFI",
        "sp|P0C7N3|VM3CR_CROVV",
        "sp|C0HKY8|M3D_CONAO",
        "sp|P0DQE8|TXJ1A_THELO",
        "sp|C0HM96|TXVE_CRODU",
        "sp|C0HKZ3|M3I_CONAO",
        "sp|Q9PSN7|VM3H1_CRORU",
        "sp|P0C1N0|M3B_CONMR",
        "sp|P0DPL3|M3J_CONTE",
        "sp|Q6PXP0|PA2_ANUPH",
        "sp|P0DPJ5|CM3G_CONRE",
        "sp|C0HL54|BDSB4_RADCR",
        "sp|B3EWS7|TXC14_CUPSA",
        "sp|P25679|3NO29_NAJKA",
        "sp|C0HJD3|3NB_OXYFU",
        "sp|P58926|CM4A_CONPE",
        "sp|C0HMC3|BSAP1_ORNSA"
      ],
      "top_enriched_aa": [
        "C",
        "H",
        "P",
        "E",
        "R"
      ],
      "enrichment": {
        "C": 3.278662728093448,
        "H": 1.224283848591674,
        "P": 1.2017070954003541,
        "E": 1.189584812736536,
        "R": 1.189408732094134
      },
      "mean_activation": 0.20852336287498474,
      "activation_rate": 0.2867990654205608
    },
    "4397": {
      "feature": 4397,
      "top_sequences": [
        "sp|P84715|ANF39_ORNAN",
        "sp|K9IMD0|TRLF_DESRO",
        "sp|P0DJC8|SLA_BOTAS",
        "sp|Q92035|ACES_BUNFA",
        "sp|P82885|VESP_NAJKA",
        "sp|Q2XXL4|VESP_POGBA",
        "sp|P38442|ZOT_VIBCH",
        "sp|P84686|SC46_TITOB",
        "sp|Q9UAB2|O17B_CONLI",
        "sp|B3EWU9|TXC5A_CUPSA",
        "sp|C0KYC4|CT55_CONSP",
        "sp|P0DQC5|TXG2A_ETHRU",
        "sp|P0DXW9|TXUB_MEGOP",
        "sp|Q27Q53|TX4_LOXIN",
        "sp|D6C4K6|U6G_CONCL",
        "sp|O18423|TXL_EISFE",
        "sp|P86537|CRVP_DABRR",
        "sp|P0DJE2|VM3A_VIPAA",
        "sp|P0DJB3|CUX1_CONCL",
        "sp|P07374|UREA_CANEN"
      ],
      "top_enriched_aa": [
        "W",
        "H",
        "P",
        "A",
        "R"
      ],
      "enrichment": {
        "W": 1.3039303505677775,
        "H": 1.2612273003815315,
        "P": 1.2119067698211905,
        "A": 1.1530864419033646,
        "R": 1.1384181692731261
      },
      "mean_activation": 0.021900895982980728,
      "activation_rate": 0.0035046728971962616
    },
    "9927": {
      "feature": 9927,