{
  "layer_results": {
    "1": {
      "auroc": 0.9677728457690411,
      "loss_star": 0.12822800874710083
    },
    "9": {
      "auroc": 0.9880504474036497,
      "loss_star": 0.006079962942749262
    },
    "18": {
      "auroc": 0.9841929119988727,
      "loss_star": 0.0062688845209777355
    },
    "24": {
      "auroc": 0.981667018953005,
      "loss_star": 0.0034491040278226137
    },
    "30": {
      "auroc": 0.9894631156203763,
      "loss_star": 0.0005093147628940642
    },
    "33": {
      "auroc": 0.9970196575776792,
      "loss_star": 0.04371774569153786
    }
  },
  "best_layer": 33
}