{
  "top_feature_indices": [
    6122,
    4097,
    5312,
    1055,
    9026,
    4397,
    9927,
    6971,
    2704,
    1974,
    3130,
    814,
    9487,
    4028,
    5406,
    2381,
    8112,
    8284,
    9242,
    7436,
    6209,
    10218,
    4515,
    8179,
    4886,
    1740,
    1389,
    9495,
    6608,
    4066,
    4903,
    4844,
    2604,
    8646,
    8194,
    1769,
    4014,
    6320,
    6446,
    9697,
    6508,
    1123,
    1645,
    9408,
    8401,
    7334,
    3177,
    514,
    340,
    4017
  ],
  "top_feature_aurocs": [
    0.6940284305908577,
    0.6694047372571131,
    0.669096159183116,
    0.6437854886810656,
    0.6277841407168879,
    0.6271297613750997,
    0.6173398411516723,
    0.6141474567087648,
    0.6103947420586849,
    0.609748071662357,
    0.6054200494253531,
    0.6053848085318203,
    0.6020792127184386,
    0.6017347329841548,
    0.5978269584025303,
    0.5944189437423186,
    0.5936932015911264,
    0.5918655207502787,
    0.5911576193014374,
    0.5826376927787004,
    0.5797483800201754,
    0.5777678418036288,
    0.5770445224638672,
    0.5720702703417044,
    0.5703635098167914,
    0.56917809426058,
    0.5679173512944421,
    0.5671211273561841,
    0.5671149601998158,
    0.5643481095463175,
    0.5642489945332564,
    0.5621715438594945,
    0.5618052588223373,
    0.5617675951173742,
    0.5615389698205798,
    0.5606517803258901,
    0.5494870247435124,
    0.5487795638058403,
    0.5478102189781022,
    0.5472990057662913,
    0.5471897589963395,
    0.5471430648124083,
    0.54701619759569,
    0.5468549705077772,
    0.5462589588959028,
    0.5462087406226185,
    0.5457514900290297,
    0.5448905109489051,
    0.5445262082120093,
    0.5437376932192116
  ],
  "top_feature_activation_rates": [
    0.2094482986455236,
    0.1929302940204823,
    0.1542781631978857,
    0.1400726792203502,
    0.14833168153287082,
    0.14337628014535844,
    0.11133135117277833,
    0.12950115626032374,
    0.12223323422530559,
    0.12091179385530228,
    0.09712586719524281,
    0.10175090849025438,
    0.11562603237528907,
    0.1172778328377932,
    0.10208126858275521,
    0.10802775024777007,
    0.0918401057152296,
    0.11232243145028081,
    0.10505450941526263,
    0.07763462173769409,
    0.08523290386521308,
    0.07267922035018169,
    0.1172778328377932,
    0.07862570201519656,
    0.06970597951767427,
    0.0637594978526594,
    0.07433102081268583,
    0.07466138090518665,
    0.0637594978526594,
    0.07433102081268583,
    0.09976874793524942,
    0.08853650479022133,
    0.06442021803766106,
    0.05649157581764123,
    0.057482656095143705,
    0.06640237859266601,
    0.054179055170135444,
    0.0459200528576148,
    0.04327717211760819,
    0.0548397753551371,
    0.0548397753551371,
    0.1529567228278824,
    0.07267922035018169,
    0.04360753221010902,
    0.0472414932276181,
    0.053187974892632967,
    0.05153617443012884,
    0.040634291377601585,
    0.05517013544763792,
    0.062438057482656094
  ],
  "all_aurocs_mean": 0.5010175815750972,
  "n_features": 10240,
  "n_active_features": 1895,
  "top_k": 50
}