{
  "recovery_natural": {
    "0": 0.10892732004490707,
    "3": 0.12319382916610046,
    "6": 0.1365030037537329,
    "9": 0.12657045245557302,
    "12": 0.07929947320355324,
    "15": 0.09748736062697792,
    "18": 0.14164204920761778,
    "21": 0.15087388890772266,
    "24": 0.15886017329126892,
    "27": 0.1571783267199869,
    "30": 0.16106620819483125
  },
  "recovery_redesign": {
    "0": 0.007556164387035341,
    "3": 0.0714766520532183,
    "6": 0.07585279552705251,
    "9": 0.07678008003140215,
    "12": 0.08297460564890112,
    "15": 0.06482272205789713,
    "18": 0.0993018187899177,
    "21": 0.10992209898315314,
    "24": 0.11102214829567154,
    "27": 0.11674895368799028,
    "30": 0.11302180434062523
  },
  "max_single_layer_recovery": 0.16106620819483125,
  "peak_layer": 30,
  "circuit_overlap_ratio": 0.6450996075174467,
  "layer_auroc_sweep": {
    "1": 0.9678,
    "2": 0.8733333333333334,
    "3": 0.89,
    "4": 0.9133333333333332,
    "5": 0.9199999999999999,
    "6": 0.9433333333333334,
    "7": 0.9,
    "8": 0.9400000000000001,
    "9": 0.9881,
    "10": 0.9500000000000001,
    "11": 0.9733333333333333,
    "12": 0.9766666666666666,
    "13": 0.96,
    "14": 0.9466666666666667,
    "15": 0.9633333333333333,
    "16": 0.9633333333333334,
    "17": 0.9666666666666668,
    "18": 0.9842,
    "19": 0.9733333333333333,
    "20": 0.9666666666666667,
    "21": 0.96,
    "22": 0.9633333333333334,
    "23": 0.9766666666666666,
    "24": 0.9817,
    "25": 0.98,
    "26": 0.98,
    "27": 0.98,
    "28": 0.9833333333333334,
    "29": 0.9900000000000001,
    "30": 0.9895,
    "31": 0.9866666666666667,
    "32": 0.98,
    "33": 0.997
  },
  "interpretation": "distributed_progressive",
  "finding": "No single bottleneck layer (max recovery=0.16 < 0.30). Toxin signal builds progressively across all 33 layers. Redesigns use same circuit (overlap=0.65)."
}