{
  "recovery_natural": {
    "0": 0.39405096816759483,
    "3": 0.395661432490097,
    "6": 0.3914899806603416,
    "9": 0.382233548092359,
    "12": 0.40007609221489004,
    "15": 0.3819752977231333,
    "18": 0.3779479458456196,
    "21": 0.35470481755616634,
    "24": 0.34755414842550947,
    "27": 0.34100639645346825,
    "30": 0.3471783125103539
  },
  "recovery_redesign": {
    "0": 0.05766171872655396,
    "3": 0.06947840247460645,
    "6": 0.06518616548726254,
    "9": 0.06721117359102911,
    "12": 0.07490463077995016,
    "15": 0.06778018787503763,
    "18": 0.07258172890755044,
    "21": 0.07806959897605023,
    "24": 0.07789228942839611,
    "27": 0.08052455230323759,
    "30": 0.07709925080334315
  },
  "max_single_layer_recovery": 0.40007609221489004,
  "peak_layer": 12,
  "circuit_overlap_ratio": 0.1930372960936331,
  "layer_auroc_sweep": {
    "1": 0.9678,
    "2": 0.8733333333333334,
    "3": 0.89,
    "4": 0.9133333333333332,
    "5": 0.9199999999999999,
    "6": 0.9433333333333334,
    "7": 0.9,
    "8": 0.9400000000000001,
    "9": 0.9881,
    "10": 0.9500000000000001,
    "11": 0.9733333333333333,
    "12": 0.9766666666666666,
    "13": 0.96,
    "14": 0.9466666666666667,
    "15": 0.9633333333333333,
    "16": 0.9633333333333334,
    "17": 0.9666666666666668,
    "18": 0.9842,
    "19": 0.9733333333333333,
    "20": 0.9666666666666667,
    "21": 0.96,
    "22": 0.9633333333333334,
    "23": 0.9766666666666666,
    "24": 0.9817,
    "25": 0.98,
    "26": 0.98,
    "27": 0.98,
    "28": 0.9833333333333334,
    "29": 0.9900000000000001,
    "30": 0.9895,
    "31": 0.9866666666666667,
    "32": 0.98,
    "33": 0.997
  },
  "interpretation": "distributed_progressive",
  "finding": "No single bottleneck layer (max recovery=0.40 < 0.30). Toxin signal builds progressively across all 33 layers. Redesigns use same circuit (overlap=0.19)."
}